Workbook
Name total_number_of_student: ANALYSIS!$B$2

Sheet RAW_DATA
A1: gender | B1: race/ethnicity | C1: parental level of education | D1: lunch | E1: test preparation course | F1: math score | G1: reading score | H1: writing score
A2: female | B2: group B | C2: bachelor's degree | D2: standard | E2: none | F2: 72 | G2: 72 | H2: 74
A3: female | B3: group C | C3: some college | D3: standard | E3: completed | F3: 69 | G3: 90 | H3: 88
A4: female | B4: group B | C4: master's degree | D4: standard | E4: none | F4: 90 | G4: 95 | H4: 93
A5: male | B5: group A | C5: associate's degree | D5: free/reduced | E5: none | F5: 47 | G5: 57 | H5: 44
A6: male | B6: group C | C6: some college | D6: standard | E6: none | F6: 76 | G6: 78 | H6: 75
A7: female | B7: group B | C7: associate's degree | D7: standard | E7: none | F7: 71 | G7: 83 | H7: 78
A8: female | B8: group B | C8: some college | D8: standard | E8: completed | F8: 88 | G8: 95 | H8: 92
A9: male | B9: group B | C9: some college | D9: free/reduced | E9: none | F9: 40 | G9: 43 | H9: 39
A10: male | B10: group D | C10: high school | D10: free/reduced | E10: completed | F10: 64 | G10: 64 | H10: 67
A11: female | B11: group B | C11: high school | D11: free/reduced | E11: none | F11: 38 | G11: 60 | H11: 50
A12: male | B12: group C | C12: associate's degree | D12: standard | E12: none | F12: 58 | G12: 54 | H12: 52
A13: male | B13: group D | C13: associate's degree | D13: standard | E13: none | F13: 40 | G13: 52 | H13: 43
... A1001: female | B1001: group D | C1001: some college | D1001: free/reduced | E1001: none | F1001: 77 | G1001: 86 | H1001: 86

Sheet CLEANED_DATA
A1: gender | B1: race/ethnicity | C1: parental level of education | D1: lunch | E1: test preparation course | F1: math score | G1: reading score | H1: writing score | I1: student id | J1: total score | K1: average score | L1: grade | M1: pass/fail | N1: failed atleast one exam | O1: performance level
A2: female | B2: group B | C2: bachelor's degree | D2: standard | E2: none | F2: 72 | G2: 72 | H2: 74 | I2: S.ID- 00001 | J2: =SUM(Table1[[#This Row],[math score]:[writing score]]) -> 218 | K2: =Table1[[#This Row],[total score]]/3 -> 72.666667 | L2: =VLOOKUP(Table1[[#This Row],[average score]],$AE$9:$AF$13,2,TRUE) -> C | M2: =IF( Table1[[#This Row],[grade]]=$AF$13, $AH$13, IF( Table1[[#This Row],[grade]]=$AF$12, $AH$12, IF( Table1[[#This Row],[grade]]=$AF$11, $AH$11, IF( Table1[[#This Row],[grade]]=$AF$10, $AH$10, IF( Table1[[#This Row],[grade]]=$AF$9, $AH$9))))) -> Average work | N2: =IF(OR(Table1[[#This Row],[math score]]<$AC$5,Table1[[#This Row],[reading score]]<$AC$5,Table1[[#This Row],[writing score]]<$AC$5), "Failed atleast one", "Passed all") -> Passed all | O2: =VLOOKUP(Table1[[#This Row],[average score]],$AE$9:$AG$13,3,TRUE) -> Satisfactory
A3: female | B3: group C | C3: some college | D3: standard | E3: completed | F3: 69 | G3: 90 | H3: 88 | I3: S.ID- 00002 | J3: =SUM(Table1[[#This Row],[math score]:[writing score]]) -> 247 | K3: =Table1[[#This Row],[total score]]/3 -> 82.333333 | L3: =VLOOKUP(Table1[[#This Row],[average score]],$AE$9:$AF$13,2,TRUE) -> B | M3: =IF( Table1[[#This Row],[grade]]=$AF$13, $AH$13, IF( Table1[[#This Row],[grade]]=$AF$12, $AH$12, IF( Table1[[#This Row],[grade]]=$AF$11, $AH$11, IF( Table1[[#This Row],[grade]]=$AF$10, $AH$10, IF( Table1[[#This Row],[grade]]=$AF$9, $AH$9))))) -> Good work | N3: =IF(OR(Table1[[#This Row],[math score]]<$AC$5,Table1[[#This Row],[reading score]]<$AC$5,Table1[[#This Row],[writing score]]<$AC$5), "Failed atleast one", "Passed all") -> Passed all | O3: =VLOOKUP(Table1[[#This Row],[average score]],$AE$9:$AG$13,3,TRUE) -> Good | AC3: minimum score | AD3: grade
A4: female | B4: group B | C4: master's degree | D4: standard | E4: none | F4: 90 | G4: 95 | H4: 93 | I4: S.ID- 00003 | J4: =SUM(Table1[[#This Row],[math score]:[writing score]]) -> 278 | K4: =Table1[[#This Row],[total score]]/3 -> 92.666667 | L4: =VLOOKUP(Table1[[#This Row],[average score]],$AE$9:$AF$13,2,TRUE) -> A | M4: =IF( Table1[[#This Row],[grade]]=$AF$13, $AH$13, IF( Table1[[#This Row],[grade]]=$AF$12, $AH$12, IF( Table1[[#This Row],[grade]]=$AF$11, $AH$11, IF( Table1[[#This Row],[grade]]=$AF$10, $AH$10, IF( Table1[[#This Row],[grade]]=$AF$9, $AH$9))))) -> Excellent work | N4: =IF(OR(Table1[[#This Row],[math score]]<$AC$5,Table1[[#This Row],[reading score]]<$AC$5,Table1[[#This Row],[writing score]]<$AC$5), "Failed atleast one", "Passed all") -> Passed all | O4: =VLOOKUP(Table1[[#This Row],[average score]],$AE$9:$AG$13,3,TRUE) -> Outstanding | AC4: 0 | AD4: F
A5: male | B5: group A | C5: associate's degree | D5: free/reduced | E5: none | F5: 47 | G5: 57 | H5: 44 | I5: S.ID- 00004 | J5: =SUM(Table1[[#This Row],[math score]:[writing score]]) -> 148 | K5: =Table1[[#This Row],[total score]]/3 -> 49.333333 | L5: =VLOOKUP(Table1[[#This Row],[average score]],$AE$9:$AF$13,2,TRUE) -> F | M5: =IF( Table1[[#This Row],[grade]]=$AF$13, $AH$13, IF( Table1[[#This Row],[grade]]=$AF$12, $AH$12, IF( Table1[[#This Row],[grade]]=$AF$11, $AH$11, IF( Table1[[#This Row],[grade]]=$AF$10, $AH$10, IF( Table1[[#This Row],[grade]]=$AF$9, $AH$9))))) -> Fail | N5: =IF(OR(Table1[[#This Row],[math score]]<$AC$5,Table1[[#This Row],[reading score]]<$AC$5,Table1[[#This Row],[writing score]]<$AC$5), "Failed atleast one", "Passed all") -> Failed atleast one | O5: =VLOOKUP(Table1[[#This Row],[average score]],$AE$9:$AG$13,3,TRUE) -> Poor | AC5: 60 | AD5: D
A6: male | B6: group C | C6: some college | D6: standard | E6: none | F6: 76 | G6: 78 | H6: 75 | I6: S.ID- 00005 | J6: =SUM(Table1[[#This Row],[math score]:[writing score]]) -> 229 | K6: =Table1[[#This Row],[total score]]/3 -> 76.333333 | L6: =VLOOKUP(Table1[[#This Row],[average score]],$AE$9:$AF$13,2,TRUE) -> C | M6: =IF( Table1[[#This Row],[grade]]=$AF$13, $AH$13, IF( Table1[[#This Row],[grade]]=$AF$12, $AH$12, IF( Table1[[#This Row],[grade]]=$AF$11, $AH$11, IF( Table1[[#This Row],[grade]]=$AF$10, $AH$10, IF( Table1[[#This Row],[grade]]=$AF$9, $AH$9))))) -> Average work | N6: =IF(OR(Table1[[#This Row],[math score]]<$AC$5,Table1[[#This Row],[reading score]]<$AC$5,Table1[[#This Row],[writing score]]<$AC$5), "Failed atleast one", "Passed all") -> Passed all | O6: =VLOOKUP(Table1[[#This Row],[average score]],$AE$9:$AG$13,3,TRUE) -> Satisfactory | AC6: 70 | AD6: C
A7: female | B7: group B | C7: associate's degree | D7: standard | E7: none | F7: 71 | G7: 83 | H7: 78 | I7: S.ID- 00006 | J7: =SUM(Table1[[#This Row],[math score]:[writing score]]) -> 232 | K7: =Table1[[#This Row],[total score]]/3 -> 77.333333 | L7: =VLOOKUP(Table1[[#This Row],[average score]],$AE$9:$AF$13,2,TRUE) -> C | M7: =IF( Table1[[#This Row],[grade]]=$AF$13, $AH$13, IF( Table1[[#This Row],[grade]]=$AF$12, $AH$12, IF( Table1[[#This Row],[grade]]=$AF$11, $AH$11, IF( Table1[[#This Row],[grade]]=$AF$10, $AH$10, IF( Table1[[#This Row],[grade]]=$AF$9, $AH$9))))) -> Average work | N7: =IF(OR(Table1[[#This Row],[math score]]<$AC$5,Table1[[#This Row],[reading score]]<$AC$5,Table1[[#This Row],[writing score]]<$AC$5), "Failed atleast one", "Passed all") -> Passed all | O7: =VLOOKUP(Table1[[#This Row],[average score]],$AE$9:$AG$13,3,TRUE) -> Satisfactory | AC7: 80 | AD7: B
A8: female | B8: group B | C8: some college | D8: standard | E8: completed | F8: 88 | G8: 95 | H8: 92 | I8: S.ID- 00007 | J8: =SUM(Table1[[#This Row],[math score]:[writing score]]) -> 275 | K8: =Table1[[#This Row],[total score]]/3 -> 91.666667 | L8: =VLOOKUP(Table1[[#This Row],[average score]],$AE$9:$AF$13,2,TRUE) -> A | M8: =IF( Table1[[#This Row],[grade]]=$AF$13, $AH$13, IF( Table1[[#This Row],[grade]]=$AF$12, $AH$12, IF( Table1[[#This Row],[grade]]=$AF$11, $AH$11, IF( Table1[[#This Row],[grade]]=$AF$10, $AH$10, IF( Table1[[#This Row],[grade]]=$AF$9, $AH$9))))) -> Excellent work | N8: =IF(OR(Table1[[#This Row],[math score]]<$AC$5,Table1[[#This Row],[reading score]]<$AC$5,Table1[[#This Row],[writing score]]<$AC$5), "Failed atleast one", "Passed all") -> Passed all | O8: =VLOOKUP(Table1[[#This Row],[average score]],$AE$9:$AG$13,3,TRUE) -> Outstanding | AC8: 90 | AD8: A | AE8: minimum score | AF8: grade | AG8: performance
A9: male | B9: group B | C9: some college | D9: free/reduced | E9: none | F9: 40 | G9: 43 | H9: 39 | I9: S.ID- 00008 | J9: =SUM(Table1[[#This Row],[math score]:[writing score]]) -> 122 | K9: =Table1[[#This Row],[total score]]/3 -> 40.666667 | L9: =VLOOKUP(Table1[[#This Row],[average score]],$AE$9:$AF$13,2,TRUE) -> F | M9: =IF( Table1[[#This Row],[grade]]=$AF$13, $AH$13, IF( Table1[[#This Row],[grade]]=$AF$12, $AH$12, IF( Table1[[#This Row],[grade]]=$AF$11, $AH$11, IF( Table1[[#This Row],[grade]]=$AF$10, $AH$10, IF( Table1[[#This Row],[grade]]=$AF$9, $AH$9))))) -> Fail | N9: =IF(OR(Table1[[#This Row],[math score]]<$AC$5,Table1[[#This Row],[reading score]]<$AC$5,Table1[[#This Row],[writing score]]<$AC$5), "Failed atleast one", "Passed all") -> Failed atleast one | O9: =VLOOKUP(Table1[[#This Row],[average score]],$AE$9:$AG$13,3,TRUE) -> Poor | AE9: 0 | AF9: F | AG9: Poor | AH9: Fail
A10: male | B10: group D | C10: high school | D10: free/reduced | E10: completed | F10: 64 | G10: 64 | H10: 67 | I10: S.ID- 00009 | J10: =SUM(Table1[[#This Row],[math score]:[writing score]]) -> 195 | K10: =Table1[[#This Row],[total score]]/3 -> 65 | L10: =VLOOKUP(Table1[[#This Row],[average score]],$AE$9:$AF$13,2,TRUE) -> D | M10: =IF( Table1[[#This Row],[grade]]=$AF$13, $AH$13, IF( Table1[[#This Row],[grade]]=$AF$12, $AH$12, IF( Table1[[#This Row],[grade]]=$AF$11, $AH$11, IF( Table1[[#This Row],[grade]]=$AF$10, $AH$10, IF( Table1[[#This Row],[grade]]=$AF$9, $AH$9))))) -> Low pass | N10: =IF(OR(Table1[[#This Row],[math score]]<$AC$5,Table1[[#This Row],[reading score]]<$AC$5,Table1[[#This Row],[writing score]]<$AC$5), "Failed atleast one", "Passed all") -> Passed all | O10: =VLOOKUP(Table1[[#This Row],[average score]],$AE$9:$AG$13,3,TRUE) -> Needs improvements | AE10: 60 | AF10: D | AG10: Needs improvements | AH10: Low pass
A11: female | B11: group B | C11: high school | D11: free/reduced | E11: none | F11: 38 | G11: 60 | H11: 50 | I11: S.ID- 00010 | J11: =SUM(Table1[[#This Row],[math score]:[writing score]]) -> 148 | K11: =Table1[[#This Row],[total score]]/3 -> 49.333333 | L11: =VLOOKUP(Table1[[#This Row],[average score]],$AE$9:$AF$13,2,TRUE) -> F | M11: =IF( Table1[[#This Row],[grade]]=$AF$13, $AH$13, IF( Table1[[#This Row],[grade]]=$AF$12, $AH$12, IF( Table1[[#This Row],[grade]]=$AF$11, $AH$11, IF( Table1[[#This Row],[grade]]=$AF$10, $AH$10, IF( Table1[[#This Row],[grade]]=$AF$9, $AH$9))))) -> Fail | N11: =IF(OR(Table1[[#This Row],[math score]]<$AC$5,Table1[[#This Row],[reading score]]<$AC$5,Table1[[#This Row],[writing score]]<$AC$5), "Failed atleast one", "Passed all") -> Failed atleast one | O11: =VLOOKUP(Table1[[#This Row],[average score]],$AE$9:$AG$13,3,TRUE) -> Poor | AE11: 70 | AF11: C | AG11: Satisfactory | AH11: Average work
A12: male | B12: group C | C12: associate's degree | D12: standard | E12: none | F12: 58 | G12: 54 | H12: 52 | I12: S.ID- 00011 | J12: =SUM(Table1[[#This Row],[math score]:[writing score]]) -> 164 | K12: =Table1[[#This Row],[total score]]/3 -> 54.666667 | L12: =VLOOKUP(Table1[[#This Row],[average score]],$AE$9:$AF$13,2,TRUE) -> F | M12: =IF( Table1[[#This Row],[grade]]=$AF$13, $AH$13, IF( Table1[[#This Row],[grade]]=$AF$12, $AH$12, IF( Table1[[#This Row],[grade]]=$AF$11, $AH$11, IF( Table1[[#This Row],[grade]]=$AF$10, $AH$10, IF( Table1[[#This Row],[grade]]=$AF$9, $AH$9))))) -> Fail | N12: =IF(OR(Table1[[#This Row],[math score]]<$AC$5,Table1[[#This Row],[reading score]]<$AC$5,Table1[[#This Row],[writing score]]<$AC$5), "Failed atleast one", "Passed all") -> Failed atleast one | O12: =VLOOKUP(Table1[[#This Row],[average score]],$AE$9:$AG$13,3,TRUE) -> Poor | AE12: 80 | AF12: B | AG12: Good | AH12: Good work
A13: male | B13: group D | C13: associate's degree | D13: standard | E13: none | F13: 40 | G13: 52 | H13: 43 | I13: S.ID- 00012 | J13: =SUM(Table1[[#This Row],[math score]:[writing score]]) -> 135 | K13: =Table1[[#This Row],[total score]]/3 -> 45 | L13: =VLOOKUP(Table1[[#This Row],[average score]],$AE$9:$AF$13,2,TRUE) -> F | M13: =IF( Table1[[#This Row],[grade]]=$AF$13, $AH$13, IF( Table1[[#This Row],[grade]]=$AF$12, $AH$12, IF( Table1[[#This Row],[grade]]=$AF$11, $AH$11, IF( Table1[[#This Row],[grade]]=$AF$10, $AH$10, IF( Table1[[#This Row],[grade]]=$AF$9, $AH$9))))) -> Fail | N13: =IF(OR(Table1[[#This Row],[math score]]<$AC$5,Table1[[#This Row],[reading score]]<$AC$5,Table1[[#This Row],[writing score]]<$AC$5), "Failed atleast one", "Passed all") -> Failed atleast one | O13: =VLOOKUP(Table1[[#This Row],[average score]],$AE$9:$AG$13,3,TRUE) -> Poor | AE13: 90 | AF13: A | AG13: Outstanding | AH13: Excellent work
A14: female | B14: group B | C14: high school | D14: standard | E14: none | F14: 65 | G14: 81 | H14: 73 | I14: S.ID- 00013 | J14: =SUM(Table1[[#This Row],[math score]:[writing score]]) -> 219 | K14: =Table1[[#This Row],[total score]]/3 -> 73 | L14: =VLOOKUP(Table1[[#This Row],[average score]],$AE$9:$AF$13,2,TRUE) -> C | M14: =IF( Table1[[#This Row],[grade]]=$AF$13, $AH$13, IF( Table1[[#This Row],[grade]]=$AF$12, $AH$12, IF( Table1[[#This Row],[grade]]=$AF$11, $AH$11, IF( Table1[[#This Row],[grade]]=$AF$10, $AH$10, IF( Table1[[#This Row],[grade]]=$AF$9, $AH$9))))) -> Average work | N14: =IF(OR(Table1[[#This Row],[math score]]<$AC$5,Table1[[#This Row],[reading score]]<$AC$5,Table1[[#This Row],[writing score]]<$AC$5), "Failed atleast one", "Passed all") -> Passed all | O14: =VLOOKUP(Table1[[#This Row],[average score]],$AE$9:$AG$13,3,TRUE) -> Satisfactory
A15: male | B15: group A | C15: some college | D15: standard | E15: completed | F15: 78 | G15: 72 | H15: 70 | I15: S.ID- 00014 | J15: =SUM(Table1[[#This Row],[math score]:[writing score]]) -> 220 | K15: =Table1[[#This Row],[total score]]/3 -> 73.333333 | L15: =VLOOKUP(Table1[[#This Row],[average score]],$AE$9:$AF$13,2,TRUE) -> C | M15: =IF( Table1[[#This Row],[grade]]=$AF$13, $AH$13, IF( Table1[[#This Row],[grade]]=$AF$12, $AH$12, IF( Table1[[#This Row],[grade]]=$AF$11, $AH$11, IF( Table1[[#This Row],[grade]]=$AF$10, $AH$10, IF( Table1[[#This Row],[grade]]=$AF$9, $AH$9))))) -> Average work | N15: =IF(OR(Table1[[#This Row],[math score]]<$AC$5,Table1[[#This Row],[reading score]]<$AC$5,Table1[[#This Row],[writing score]]<$AC$5), "Failed atleast one", "Passed all") -> Passed all | O15: =VLOOKUP(Table1[[#This Row],[average score]],$AE$9:$AG$13,3,TRUE) -> Satisfactory | AE15: female | AF15: =COUNTIF(Table1[gender],AE15) -> 518 | AG15: =AF15/$AF$17 -> 0.518
A16: female | B16: group A | C16: master's degree | D16: standard | E16: none | F16: 50 | G16: 53 | H16: 58 | I16: S.ID- 00015 | J16: =SUM(Table1[[#This Row],[math score]:[writing score]]) -> 161 | K16: =Table1[[#This Row],[total score]]/3 -> 53.666667 | L16: =VLOOKUP(Table1[[#This Row],[average score]],$AE$9:$AF$13,2,TRUE) -> F | M16: =IF( Table1[[#This Row],[grade]]=$AF$13, $AH$13, IF( Table1[[#This Row],[grade]]=$AF$12, $AH$12, IF( Table1[[#This Row],[grade]]=$AF$11, $AH$11, IF( Table1[[#This Row],[grade]]=$AF$10, $AH$10, IF( Table1[[#This Row],[grade]]=$AF$9, $AH$9))))) -> Fail | N16: =IF(OR(Table1[[#This Row],[math score]]<$AC$5,Table1[[#This Row],[reading score]]<$AC$5,Table1[[#This Row],[writing score]]<$AC$5), "Failed atleast one", "Passed all") -> Failed atleast one | O16: =VLOOKUP(Table1[[#This Row],[average score]],$AE$9:$AG$13,3,TRUE) -> Poor | AE16: male | AF16: =COUNTIF(Table1[gender],AE16) -> 482 | AG16: =AF16/$AF$17 -> 0.482
A17: female | B17: group C | C17: some high school | D17: standard | E17: none | F17: 69 | G17: 75 | H17: 78 | I17: S.ID- 00016 | J17: =SUM(Table1[[#This Row],[math score]:[writing score]]) -> 222 | K17: =Table1[[#This Row],[total score]]/3 -> 74 | L17: =VLOOKUP(Table1[[#This Row],[average score]],$AE$9:$AF$13,2,TRUE) -> C | M17: =IF( Table1[[#This Row],[grade]]=$AF$13, $AH$13, IF( Table1[[#This Row],[grade]]=$AF$12, $AH$12, IF( Table1[[#This Row],[grade]]=$AF$11, $AH$11, IF( Table1[[#This Row],[grade]]=$AF$10, $AH$10, IF( Table1[[#This Row],[grade]]=$AF$9, $AH$9))))) -> Average work | N17: =IF(OR(Table1[[#This Row],[math score]]<$AC$5,Table1[[#This Row],[reading score]]<$AC$5,Table1[[#This Row],[writing score]]<$AC$5), "Failed atleast one", "Passed all") -> Passed all | O17: =VLOOKUP(Table1[[#This Row],[average score]],$AE$9:$AG$13,3,TRUE) -> Satisfactory | AE17: total | AF17: =SUM(AF15:AF16) -> 1000 | AG17: =AF17/$AF$17 -> 1
A18: male | B18: group C | C18: high school | D18: standard | E18: none | F18: 88 | G18: 89 | H18: 86 | I18: S.ID- 00017 | J18: =SUM(Table1[[#This Row],[math score]:[writing score]]) -> 263 | K18: =Table1[[#This Row],[total score]]/3 -> 87.666667 | L18: =VLOOKUP(Table1[[#This Row],[average score]],$AE$9:$AF$13,2,TRUE) -> B | M18: =IF( Table1[[#This Row],[grade]]=$AF$13, $AH$13, IF( Table1[[#This Row],[grade]]=$AF$12, $AH$12, IF( Table1[[#This Row],[grade]]=$AF$11, $AH$11, IF( Table1[[#This Row],[grade]]=$AF$10, $AH$10, IF( Table1[[#This Row],[grade]]=$AF$9, $AH$9))))) -> Good work | N18: =IF(OR(Table1[[#This Row],[math score]]<$AC$5,Table1[[#This Row],[reading score]]<$AC$5,Table1[[#This Row],[writing score]]<$AC$5), "Failed atleast one", "Passed all") -> Passed all | O18: =VLOOKUP(Table1[[#This Row],[average score]],$AE$9:$AG$13,3,TRUE) -> Good
A19: female | B19: group B | C19: some high school | D19: free/reduced | E19: none | F19: 18 | G19: 32 | H19: 28 | I19: S.ID- 00018 | J19: =SUM(Table1[[#This Row],[math score]:[writing score]]) -> 78 | K19: =Table1[[#This Row],[total score]]/3 -> 26 | L19: =VLOOKUP(Table1[[#This Row],[average score]],$AE$9:$AF$13,2,TRUE) -> F | M19: =IF( Table1[[#This Row],[grade]]=$AF$13, $AH$13, IF( Table1[[#This Row],[grade]]=$AF$12, $AH$12, IF( Table1[[#This Row],[grade]]=$AF$11, $AH$11, IF( Table1[[#This Row],[grade]]=$AF$10, $AH$10, IF( Table1[[#This Row],[grade]]=$AF$9, $AH$9))))) -> Fail | N19: =IF(OR(Table1[[#This Row],[math score]]<$AC$5,Table1[[#This Row],[reading score]]<$AC$5,Table1[[#This Row],[writing score]]<$AC$5), "Failed atleast one", "Passed all") -> Failed atleast one | O19: =VLOOKUP(Table1[[#This Row],[average score]],$AE$9:$AG$13,3,TRUE) -> Poor
A20: male | B20: group C | C20: master's degree | D20: free/reduced | E20: completed | F20: 46 | G20: 42 | H20: 46 | I20: S.ID- 00019 | J20: =SUM(Table1[[#This Row],[math score]:[writing score]]) -> 134 | K20: =Table1[[#This Row],[total score]]/3 -> 44.666667 | L20: =VLOOKUP(Table1[[#This Row],[average score]],$AE$9:$AF$13,2,TRUE) -> F | M20: =IF( Table1[[#This Row],[grade]]=$AF$13, $AH$13, IF( Table1[[#This Row],[grade]]=$AF$12, $AH$12, IF( Table1[[#This Row],[grade]]=$AF$11, $AH$11, IF( Table1[[#This Row],[grade]]=$AF$10, $AH$10, IF( Table1[[#This Row],[grade]]=$AF$9, $AH$9))))) -> Fail | N20: =IF(OR(Table1[[#This Row],[math score]]<$AC$5,Table1[[#This Row],[reading score]]<$AC$5,Table1[[#This Row],[writing score]]<$AC$5), "Failed atleast one", "Passed all") -> Failed atleast one | O20: =VLOOKUP(Table1[[#This Row],[average score]],$AE$9:$AG$13,3,TRUE) -> Poor
A21: female | B21: group C | C21: associate's degree | D21: free/reduced | E21: none | F21: 54 | G21: 58 | H21: 61 | I21: S.ID- 00020 | J21: =SUM(Table1[[#This Row],[math score]:[writing score]]) -> 173 | K21: =Table1[[#This Row],[total score]]/3 -> 57.666667 | L21: =VLOOKUP(Table1[[#This Row],[average score]],$AE$9:$AF$13,2,TRUE) -> F | M21: =IF( Table1[[#This Row],[grade]]=$AF$13, $AH$13, IF( Table1[[#This Row],[grade]]=$AF$12, $AH$12, IF( Table1[[#This Row],[grade]]=$AF$11, $AH$11, IF( Table1[[#This Row],[grade]]=$AF$10, $AH$10, IF( Table1[[#This Row],[grade]]=$AF$9, $AH$9))))) -> Fail | N21: =IF(OR(Table1[[#This Row],[math score]]<$AC$5,Table1[[#This Row],[reading score]]<$AC$5,Table1[[#This Row],[writing score]]<$AC$5), "Failed atleast one", "Passed all") -> Failed atleast one | O21: =VLOOKUP(Table1[[#This Row],[average score]],$AE$9:$AG$13,3,TRUE) -> Poor
A22: male | B22: group D | C22: high school | D22: standard | E22: none | F22: 66 | G22: 69 | H22: 63 | I22: S.ID- 00021 | J22: =SUM(Table1[[#This Row],[math score]:[writing score]]) -> 198 | K22: =Table1[[#This Row],[total score]]/3 -> 66 | L22: =VLOOKUP(Table1[[#This Row],[average score]],$AE$9:$AF$13,2,TRUE) -> D | M22: =IF( Table1[[#This Row],[grade]]=$AF$13, $AH$13, IF( Table1[[#This Row],[grade]]=$AF$12, $AH$12, IF( Table1[[#This Row],[grade]]=$AF$11, $AH$11, IF( Table1[[#This Row],[grade]]=$AF$10, $AH$10, IF( Table1[[#This Row],[grade]]=$AF$9, $AH$9))))) -> Low pass | N22: =IF(OR(Table1[[#This Row],[math score]]<$AC$5,Table1[[#This Row],[reading score]]<$AC$5,Table1[[#This Row],[writing score]]<$AC$5), "Failed atleast one", "Passed all") -> Passed all | O22: =VLOOKUP(Table1[[#This Row],[average score]],$AE$9:$AG$13,3,TRUE) -> Needs improvements
A23: female | B23: group B | C23: some college | D23: free/reduced | E23: completed | F23: 65 | G23: 75 | H23: 70 | I23: S.ID- 00022 | J23: =SUM(Table1[[#This Row],[math score]:[writing score]]) -> 210 | K23: =Table1[[#This Row],[total score]]/3 -> 70 | L23: =VLOOKUP(Table1[[#This Row],[average score]],$AE$9:$AF$13,2,TRUE) -> C | M23: =IF( Table1[[#This Row],[grade]]=$AF$13, $AH$13, IF( Table1[[#This Row],[grade]]=$AF$12, $AH$12, IF( Table1[[#This Row],[grade]]=$AF$11, $AH$11, IF( Table1[[#This Row],[grade]]=$AF$10, $AH$10, IF( Table1[[#This Row],[grade]]=$AF$9, $AH$9))))) -> Average work | N23: =IF(OR(Table1[[#This Row],[math score]]<$AC$5,Table1[[#This Row],[reading score]]<$AC$5,Table1[[#This Row],[writing score]]<$AC$5), "Failed atleast one", "Passed all") -> Passed all | O23: =VLOOKUP(Table1[[#This Row],[average score]],$AE$9:$AG$13,3,TRUE) -> Satisfactory
A24: male | B24: group D | C24: some college | D24: standard | E24: none | F24: 44 | G24: 54 | H24: 53 | I24: S.ID- 00023 | J24: =SUM(Table1[[#This Row],[math score]:[writing score]]) -> 151 | K24: =Table1[[#This Row],[total score]]/3 -> 50.333333 | L24: =VLOOKUP(Table1[[#This Row],[average score]],$AE$9:$AF$13,2,TRUE) -> F | M24: =IF( Table1[[#This Row],[grade]]=$AF$13, $AH$13, IF( Table1[[#This Row],[grade]]=$AF$12, $AH$12, IF( Table1[[#This Row],[grade]]=$AF$11, $AH$11, IF( Table1[[#This Row],[grade]]=$AF$10, $AH$10, IF( Table1[[#This Row],[grade]]=$AF$9, $AH$9))))) -> Fail | N24: =IF(OR(Table1[[#This Row],[math score]]<$AC$5,Table1[[#This Row],[reading score]]<$AC$5,Table1[[#This Row],[writing score]]<$AC$5), "Failed atleast one", "Passed all") -> Failed atleast one | O24: =VLOOKUP(Table1[[#This Row],[average score]],$AE$9:$AG$13,3,TRUE) -> Poor
A25: female | B25: group C | C25: some high school | D25: standard | E25: none | F25: 69 | G25: 73 | H25: 73 | I25: S.ID- 00024 | J25: =SUM(Table1[[#This Row],[math score]:[writing score]]) -> 215 | K25: =Table1[[#This Row],[total score]]/3 -> 71.666667 | L25: =VLOOKUP(Table1[[#This Row],[average score]],$AE$9:$AF$13,2,TRUE) -> C | M25: =IF( Table1[[#This Row],[grade]]=$AF$13, $AH$13, IF( Table1[[#This Row],[grade]]=$AF$12, $AH$12, IF( Table1[[#This Row],[grade]]=$AF$11, $AH$11, IF( Table1[[#This Row],[grade]]=$AF$10, $AH$10, IF( Table1[[#This Row],[grade]]=$AF$9, $AH$9))))) -> Average work | N25: =IF(OR(Table1[[#This Row],[math score]]<$AC$5,Table1[[#This Row],[reading score]]<$AC$5,Table1[[#This Row],[writing score]]<$AC$5), "Failed atleast one", "Passed all") -> Passed all | O25: =VLOOKUP(Table1[[#This Row],[average score]],$AE$9:$AG$13,3,TRUE) -> Satisfactory
A26: male | B26: group D | C26: bachelor's degree | D26: free/reduced | E26: completed | F26: 74 | G26: 71 | H26: 80 | I26: S.ID- 00025 | J26: =SUM(Table1[[#This Row],[math score]:[writing score]]) -> 225 | K26: =Table1[[#This Row],[total score]]/3 -> 75 | L26: =VLOOKUP(Table1[[#This Row],[average score]],$AE$9:$AF$13,2,TRUE) -> C | M26: =IF( Table1[[#This Row],[grade]]=$AF$13, $AH$13, IF( Table1[[#This Row],[grade]]=$AF$12, $AH$12, IF( Table1[[#This Row],[grade]]=$AF$11, $AH$11, IF( Table1[[#This Row],[grade]]=$AF$10, $AH$10, IF( Table1[[#This Row],[grade]]=$AF$9, $AH$9))))) -> Average work | N26: =IF(OR(Table1[[#This Row],[math score]]<$AC$5,Table1[[#This Row],[reading score]]<$AC$5,Table1[[#This Row],[writing score]]<$AC$5), "Failed atleast one", "Passed all") -> Passed all | O26: =VLOOKUP(Table1[[#This Row],[average score]],$AE$9:$AG$13,3,TRUE) -> Satisfactory
A27: male | B27: group A | C27: master's degree | D27: free/reduced | E27: none | F27: 73 | G27: 74 | H27: 72 | I27: S.ID- 00026 | J27: =SUM(Table1[[#This Row],[math score]:[writing score]]) -> 219 | K27: =Table1[[#This Row],[total score]]/3 -> 73 | L27: =VLOOKUP(Table1[[#This Row],[average score]],$AE$9:$AF$13,2,TRUE) -> C | M27: =IF( Table1[[#This Row],[grade]]=$AF$13, $AH$13, IF( Table1[[#This Row],[grade]]=$AF$12, $AH$12, IF( Table1[[#This Row],[grade]]=$AF$11, $AH$11, IF( Table1[[#This Row],[grade]]=$AF$10, $AH$10, IF( Table1[[#This Row],[grade]]=$AF$9, $AH$9))))) -> Average work | N27: =IF(OR(Table1[[#This Row],[math score]]<$AC$5,Table1[[#This Row],[reading score]]<$AC$5,Table1[[#This Row],[writing score]]<$AC$5), "Failed atleast one", "Passed all") -> Passed all | O27: =VLOOKUP(Table1[[#This Row],[average score]],$AE$9:$AG$13,3,TRUE) -> Satisfactory
A28: male | B28: group B | C28: some college | D28: standard | E28: none | F28: 69 | G28: 54 | H28: 55 | I28: S.ID- 00027 | J28: =SUM(Table1[[#This Row],[math score]:[writing score]]) -> 178 | K28: =Table1[[#This Row],[total score]]/3 -> 59.333333 | L28: =VLOOKUP(Table1[[#This Row],[average score]],$AE$9:$AF$13,2,TRUE) -> F | M28: =IF( Table1[[#This Row],[grade]]=$AF$13, $AH$13, IF( Table1[[#This Row],[grade]]=$AF$12, $AH$12, IF( Table1[[#This Row],[grade]]=$AF$11, $AH$11, IF( Table1[[#This Row],[grade]]=$AF$10, $AH$10, IF( Table1[[#This Row],[grade]]=$AF$9, $AH$9))))) -> Fail | N28: =IF(OR(Table1[[#This Row],[math score]]<$AC$5,Table1[[#This Row],[reading score]]<$AC$5,Table1[[#This Row],[writing score]]<$AC$5), "Failed atleast one", "Passed all") -> Failed atleast one | O28: =VLOOKUP(Table1[[#This Row],[average score]],$AE$9:$AG$13,3,TRUE) -> Poor
A29: female | B29: group C | C29: bachelor's degree | D29: standard | E29: none | F29: 67 | G29: 69 | H29: 75 | I29: S.ID- 00028 | J29: =SUM(Table1[[#This Row],[math score]:[writing score]]) -> 211 | K29: =Table1[[#This Row],[total score]]/3 -> 70.333333 | L29: =VLOOKUP(Table1[[#This Row],[average score]],$AE$9:$AF$13,2,TRUE) -> C | M29: =IF( Table1[[#This Row],[grade]]=$AF$13, $AH$13, IF( Table1[[#This Row],[grade]]=$AF$12, $AH$12, IF( Table1[[#This Row],[grade]]=$AF$11, $AH$11, IF( Table1[[#This Row],[grade]]=$AF$10, $AH$10, IF( Table1[[#This Row],[grade]]=$AF$9, $AH$9))))) -> Average work | N29: =IF(OR(Table1[[#This Row],[math score]]<$AC$5,Table1[[#This Row],[reading score]]<$AC$5,Table1[[#This Row],[writing score]]<$AC$5), "Failed atleast one", "Passed all") -> Passed all | O29: =VLOOKUP(Table1[[#This Row],[average score]],$AE$9:$AG$13,3,TRUE) -> Satisfactory
... A1001: female | B1001: group D | C1001: some college | D1001: free/reduced | E1001: none | F1001: 77 | G1001: 86 | H1001: 86 | I1001: S.ID- 01000 | J1001: =SUM(Table1[[#This Row],[math score]:[writing score]]) -> 249 | K1001: =Table1[[#This Row],[total score]]/3 -> 83 | L1001: =VLOOKUP(Table1[[#This Row],[average score]],$AE$9:$AF$13,2,TRUE) -> B | M1001: =IF( Table1[[#This Row],[grade]]=$AF$13, $AH$13, IF( Table1[[#This Row],[grade]]=$AF$12, $AH$12, IF( Table1[[#This Row],[grade]]=$AF$11, $AH$11, IF( Table1[[#This Row],[grade]]=$AF$10, $AH$10, IF( Table1[[#This Row],[grade]]=$AF$9, $AH$9))))) -> Good work | N1001: =IF(OR(Table1[[#This Row],[math score]]<$AC$5,Table1[[#This Row],[reading score]]<$AC$5,Table1[[#This Row],[writing score]]<$AC$5), "Failed atleast one", "Passed all") -> Passed all | O1001: =VLOOKUP(Table1[[#This Row],[average score]],$AE$9:$AG$13,3,TRUE) -> Good
K1002: =SUBTOTAL(103,Table1[average score]) -> 1000

Sheet ANALYSIS
A2: total no. of student | B2: =COUNTA(Table1[race/ethnicity]) -> 1000
A4: pass | B4: =total_number_of_student-B5 -> 715 | C4: =B4/$B$6 -> 0.715
A5: fail | B5: =COUNTIF(Table1[pass/fail], "Fail") -> 285 | C5: =B5/$B$6 -> 0.285
A6: total | B6: =SUM(B4:B5) -> 1000 | C6: =B6/$B$6 -> 1
A8: male failed | B8: =COUNTIFS(Table1[gender],ANALYSIS!$E$12,Table1[pass/fail],ANALYSIS!$E$13) -> 161
A9: female fail failed | B9: =COUNTIFS(Table1[gender],$F$11,Table1[pass/fail],ANALYSIS!$E$13) -> 124 | D9: ="Male" &": "& B8 -> Male: 161
A10: percentage | B10: =SUM(B8:B9)/total_number_of_student -> 0.285 | D10: ="Female" &": "& B9 -> Female: 124
F11: female
A12: =A20 -> level of education | B12: total number of student | E12: male
A13: bachelor's degree | B13: =COUNTIF(Table1[parental level of education],ANALYSIS!A14) -> 226 | C13: =A13 &": " & B13 -> bachelor's degree: 226 | E13: Fail
A14: some college | B14: =COUNTIF(Table1[parental level of education],ANALYSIS!A16) -> 222 | C14: =A14 &": " & B14 -> some college: 222 | D14: completed | E14: Passed | F14: Fail
A15: master's degree | B15: =COUNTIF(Table1[parental level of education],ANALYSIS!A17) -> 196 | C15: =A15 &": " & B15 -> master's degree: 196 | E15: none
A16: associate's degree | B16: =COUNTIF(Table1[parental level of education],ANALYSIS!A18) -> 179 | C16: =A16 &": " & B16 -> associate's degree: 179
A17: high school | B17: =COUNTIF(Table1[parental level of education],ANALYSIS!A13) -> 118 | C17: =A17 &": " & B17 -> high school: 118
A18: some high school | B18: =COUNTIF(Table1[parental level of education],ANALYSIS!A15) -> 59 | C18: =A18 &": " & B18 -> some high school: 59
A20: level of education | B20: total number of failure | C20: percentage
A21: high school | B21: =COUNTIFS(Table1[parental level of education],ANALYSIS!$A24,Table1[pass/fail],$E$13) -> 10 | C21: =B21/total_number_of_student -> 0.01
A22: some high school | B22: =COUNTIFS(Table1[parental level of education],ANALYSIS!$A26,Table1[pass/fail],$E$13) -> 21 | C22: =B22/total_number_of_student -> 0.021
A23: associate's degree | B23: =COUNTIFS(Table1[parental level of education],ANALYSIS!$A25,Table1[pass/fail],$E$13) -> 55 | C23: =B23/total_number_of_student -> 0.055
A24: master's degree | B24: =COUNTIFS(Table1[parental level of education],ANALYSIS!$A23,Table1[pass/fail],$E$13) -> 59 | C24: =B24/total_number_of_student -> 0.059
A25: some college | B25: =COUNTIFS(Table1[parental level of education],ANALYSIS!$A22,Table1[pass/fail],$E$13) -> 64 | C25: =B25/total_number_of_student -> 0.064
A26: bachelor's degree | B26: =COUNTIFS(Table1[parental level of education],ANALYSIS!$A21,Table1[pass/fail],$E$13) -> 76 | C26: =B26/total_number_of_student -> 0.076
A29: students that were not prepared but passed | B29: =COUNTIFS(Table1[test preparation course],ANALYSIS!$E$15,Table1[pass/fail],"<>Fail") -> 417
A30: students that were prepared but passed | B30: =COUNTIFS(Table1[test preparation course],$D$14,Table1[pass/fail],"<>Fail") -> 298
A31: students that were not prepared but failed | B31: =COUNTIFS(Table1[test preparation course],ANALYSIS!$E$15,Table1[pass/fail],$F$14) -> 225
A32: students that were prepare but failed | B32: =COUNTIFS(Table1[test preparation course],ANALYSIS!$D$14,Table1[pass/fail],$E$13) -> 60
A34: exam type | B34: average score of student
A35: MATH: | B35: =AVERAGE(Table1[math score]) -> 66.089
A36: WRITING: | B36: =AVERAGE(Table1[reading score]) -> 69.169
A37: READING: | B37: =AVERAGE(Table1[writing score]) -> 68.054
A39: exam type | B39: No. of students that failed | C39: percentage
A40: math | B40: =COUNTIF(Table1[math score],"<60") -> 323 | C40: =B40/total_number_of_student -> 0.323
A41: reading | B41: =COUNTIF(Table1[reading score],"<60") -> 254 | C41: =B41/total_number_of_student -> 0.254
A42: writing | B42: =COUNTIF(Table1[writing score],"<60") -> 281 | C42: =B42/total_number_of_student -> 0.281

Sheet KPI
H1: STUDENT PERFORMANCE DATA
A25: 7** | F25: ` | G25: `
